First Last,First,Last,Company,Domain
Kurt Theobald,Kurt,Theobald,"Classy Llama Studios, LLC",www.classyllama.com
Marcos Mena Brena,Marcos,Brena,Geekbears,www.geekbears.com
Alok Dube,Alok,Dube,BrainyPro Inc.,www.brainypro.com
Ariel Quinones,Ariel,Quinones,"Ironhack, Inc.",www.ironhack.com
Mike Wu,Mike,Wu,Bandwidth Productions,www.bandwidthproductions.com
Corbett Guest,Corbett,Guest,"Imaginuity Interactive, Inc",www.imaginuity.com
Dave Otten,Dave,Otten,"LongTail Ad Solutions, Inc.",www.jwplayer.com
William Mobley,William,Mobley,Free Cast,www.freecast.com
Ivy Hastings,Ivy,Hastings,Fusionbox,www.fusionbox.com
Paul Lyon,Paul,Lyon,Ace Outsource,www.ripeconcepts.com
Andres Fabris,Andres,Fabris,Traxo LLC,www.traxo.com
Hadar Wissotzky,Hadar,Wissotzky,StreamlineSocial,www.streamlinesocial.com
Ted Mikulski,Ted,Mikulski,The Eighth,www.theeighth.net
Michael Villa,Michael,Villa,"Dovetail Internet Technologies, LLC",www.dovetailinternet.com
Ken Gaebler,Ken,Gaebler,Walker Sands Communications,www.walkersands.com
Jonathon Hensley,Jonathon,Hensley,Professional Cattle Consultants,www.emergeinteractive.com
Rick Kolstad,Rick,Kolstad,"wisnet.com, LLC",www.wisnet.com
Jake Jacoby,Jake,Jacoby,WebHomes,www.webhomes.com
Jim Elliott,Jim,Elliott,Elliottsweb,www.elliottsweb.com
Brent Viljoen,,,Yola Inc.,www.yola.com
